{"cameraMode":{"drawMode":0,"name":"Shaded","section":"Shading Mode"},"sceneLighting":true,"audioPlay":false,"sceneViewState":{"m_AlwaysRefresh":false,"showFog":true,"showSkybox":true,"showFlares":true,"showImageEffects":true,"showParticleSystems":true,"showVisualEffectGraphs":true,"m_FxEnabled":true},"in2DMode":false,"pivot":{"x":4.787247180938721,"y":1.4612007141113282,"z":-1.5065375566482545},"rotation":{"x":0.12191062420606613,"y":0.682573676109314,"z":-0.11703473329544068,"w":0.7110101580619812},"size":5.4044318199157719,"orthographic":false}